education_level,stream,interests,skills,career_path,description,recommended_courses,colleges,exams,avg_salary,starting_salary,mid_salary,senior_salary,demand_level,growth_rate,job_roles,skills_required,location_preference
after10th,Science (PCM),Engineering,Mathematics,Physics,Engineering (IIT/NIT),Pursue JEE for top engineering colleges in India,JEE Preparation,Foundation in Science,IITs,NITs,BITS Pilani,IIITs,State Engineering Colleges,JEE Main,JEE Advanced,State CETs,₹6-15 LPA,600000,1200000,2500000,Very High,18% annually,Software Engineer,Mechanical Engineer,Civil Engineer,Electrical Engineer,Mathematics,Physics,Chemistry,Programming,Problem Solving,Bangalore,Pune,Hyderabad,Chennai,Delhi
after10th,Science (PCB),Medical,Biology,Chemistry,Medical (MBBS),Prepare for NEET and pursue medical career,NEET Preparation,Biology Foundation,AIIMS,CMC Vellore,MAMC,State Medical Colleges,Private Medical Colleges,NEET-UG,State Medical Entrance,AIIMS Entrance,₹8-20 LPA,800000,1500000,3000000,Very High,15% annually,Doctor,Surgeon,Medical Officer,Healthcare Administrator,Biology,Chemistry,Patient Care,Diagnosis,Communication,Delhi,Mumbai,Chennai,Bangalore,Kolkata
after10th,Commerce,Business,Finance,Accounting,Chartered Accountant (CA),Professional course in accounting and finance,CA Foundation,Commerce Fundamentals,SRCC,Loyola College,St. Xavier's,Hindu College,Narsee Monjee,CA Foundation,IPCC,CA Final,₹5-12 LPA,500000,1000000,2000000,High,12% annually,Chartered Accountant,Financial Analyst,Tax Consultant,Auditor,Accounting,Taxation,Auditing,Financial Analysis,Excel,Mumbai,Delhi,Bangalore,Chennai,Hyderabad
after10th,Commerce,Business,Management,Economics,BBA/Management,Bachelor of Business Administration,BBA Foundation,Business Studies,NMIMS,Symbiosis,Christ University,Xavier Institute,Amity University,DU JAT,IPMAT,NPAT,SET,₹4-10 LPA,400000,800000,1800000,High,15% annually,Business Analyst,Marketing Executive,HR Executive,Operations Manager,Business Communication,Marketing,Management,Economics,Leadership,Mumbai,Delhi,Bangalore,Gurgaon,Pune
after10th,Arts/Humanities,Literature,History,Psychology,BA Humanities,Liberal arts education with multiple specializations,English Literature,History,Political Science,St. Stephen's College,Lady Shri Ram College,Presidency College,Fergusson College,Delhi University Entrance,JNU Entrance,Calcutta University Entrance,₹3-8 LPA,300000,600000,1200000,Medium,10% annually,Content Writer,Journalist,Teacher,Researcher,Writing,Research,Critical Thinking,Communication,Analytical Skills,Delhi,Kolkata,Chennai,Mumbai,Bangalore
after10th,Science (PCM),Computer Science,Programming,Mathematics,Computer Science Engineering,Engineering with focus on software and hardware,Computer Fundamentals,Programming Basics,IITs,NITs,BITS,DTU,NSIT,JEE Main,JEE Advanced,BITSAT,State CETs,₹7-18 LPA,700000,1400000,2800000,Very High,22% annually,Software Developer,Data Scientist,Cybersecurity Analyst,Network Engineer,Programming,Algorithms,Data Structures,Computer Networks,Mathematics,Bangalore,Hyderabad,Pune,Chennai,Delhi
after10th,Science (PCB),Pharmacy,Chemistry,Biology,BPharmacy,Pharmacy and pharmaceutical sciences,Pharmaceutical Chemistry,Pharmacology,BITS Pilani,NIPER,Jamia Hamdard,Manipal University,Pune University,NEET-UG,State Pharmacy Entrance,Institute Entrance,₹4-10 LPA,400000,800000,1600000,High,14% annually,Pharmacist,Drug Inspector,Pharmaceutical Researcher,Medical Representative,Chemistry,Biology,Pharmaceuticals,Drug Knowledge,Communication,Mumbai,Hyderabad,Bangalore,Delhi,Ahmedabad
after10th,Commerce,Law,Legal Studies,Argumentation,Law (5-year integrated),Integrated law program after 10th,Legal Studies,Constitutional Law,NLSIU Bangalore,NALSAR Hyderabad,NLU Delhi,GLC Mumbai,Symbiosis Law School,CLAT,AILET,SET Law,₹6-15 LPA,600000,1200000,2500000,High,16% annually,Lawyer,Legal Advisor,Corporate Counsel,Judicial Services,Legal Research,Argumentation,Constitutional Law,Communication,Analytical Skills,Delhi,Mumbai,Bangalore,Chennai,Kolkata
after10th,Science (PCM),Architecture,Design,Mathematics,BArch,Architecture and design program,Architectural Design,Engineering Drawing,IIT Kharagpur,SPA Delhi,CEPT Ahmedabad,Jamia Millia,BITS Pilani,NATA,JEE Main Paper 2,State Architecture Entrance,₹5-12 LPA,500000,1000000,2000000,Medium,12% annually,Architect,Interior Designer,Urban Planner,Design Consultant,CAD,Design Principles,Mathematics,Creativity,Visualization,Mumbai,Delhi,Bangalore,Ahmedabad,Chandigarh
after10th,Science (PCB),Biotechnology,Research,Science,BSc Biotechnology,Research in biological sciences,Cell Biology,Genetics,IISC Bangalore,JNU Delhi,University of Hyderabad,VIT Vellore,Amity University,Institute Entrance,State University Entrance,₹4-9 LPA,400000,800000,1500000,Medium,13% annually,Biotechnologist,Research Scientist,Quality Control,Lab Technician,Biology,Chemistry,Lab Techniques,Research Methodology,Analytical Skills,Bangalore,Hyderabad,Pune,Delhi,Chennai
after12th,Science (PCM),Computer Science,Programming,Mathematics,BTech Computer Science,4-year engineering degree for tech careers,Data Structures,Algorithms,Web Development,IITs,NITs,BITS,DTU,NSIT,VIT,JEE Main,JEE Advanced,BITSAT,State CETs,₹8-20 LPA,800000,1500000,3000000,Very High,22% annually,Software Developer,Data Scientist,DevOps Engineer,Product Manager,Python,Java,SQL,Algorithms,System Design,Bangalore,Hyderabad,Pune,Delhi,Chennai
after12th,Science (PCM),Electronics,Circuit Design,Physics,BTech Electronics Engineering,Electronics and communication engineering,Digital Electronics,Embedded Systems,IITs,NITs,BITS,DTU,NSIT,JEE Main,JEE Advanced,BITSAT,State CETs,₹6-15 LPA,600000,1200000,2500000,High,18% annually,Electronics Engineer,VLSI Designer,Embedded Developer,Telecom Engineer,Circuit Design,Digital Electronics,Communication Systems,Programming,Mathematics,Bangalore,Pune,Hyderabad,Noida,Chennai
after12th,Science (PCB),Medical,Biology,Chemistry,MBBS,Undergraduate medical degree,Anatomy,Physiology,Pharmacology,AIIMS,CMC Vellore,MAMC,KGMU,State Medical Colleges,NEET-UG,AIIMS Entrance,JIPMER,₹10-25 LPA,1000000,2000000,4000000,Very High,15% annually,Doctor,Surgeon,Medical Consultant,Healthcare Administrator,Biology,Chemistry,Patient Care,Diagnosis,Communication,Delhi,Mumbai,Chennai,Bangalore,Kolkata
after12th,Commerce,Finance,Accounting,Mathematics,BCom (Hons),Bachelor of Commerce with specialization,Banking,Accounting,Taxation,SRCC,Loyola College,St. Xavier's,Hindu College,Narsee Monjee,University Entrance,Direct Admission,₹4-9 LPA,400000,800000,1600000,Medium,12% annually,Accountant,Bank Officer,Financial Analyst,Tax Consultant,Accounting,Finance,Taxation,Excel,Communication,Mumbai,Delhi,Bangalore,Chennai,Kolkata
after12th,Commerce,Management,Business,Leadership,BBA,Undergraduate business management program,Marketing,Finance,HR,NMIMS,Symbiosis,Christ University,Xavier Institute,Amity University,DU JAT,IPMAT,NPAT,SET,₹4-10 LPA,400000,800000,1800000,High,15% annually,Business Analyst,Marketing Executive,HR Executive,Operations Manager,Business Communication,Marketing,Management,Economics,Leadership,Mumbai,Delhi,Bangalore,Gurgaon,Pune
after12th,Arts/Humanities,Psychology,Human Behavior,Mental Health,BA Psychology,Study of human mind and behavior,Abnormal Psychology,Cognitive Psychology,Clinical Psychology,Delhi University,JNU,TISS,Mumbai University,Christ University,University Entrance,Direct Admission,₹3-8 LPA,300000,600000,1200000,Medium,14% annually,Psychologist,Clinical Psychologist,HR Specialist,Researcher,Psychology,Counseling,Research,Communication,Empathy,Delhi,Mumbai,Bangalore,Chennai,Kolkata
after12th,Science (PCM),Mechanical,Manufacturing,Physics,BTech Mechanical Engineering,Design and manufacturing of mechanical systems,Thermodynamics,Machine Design,Manufacturing,IITs,NITs,BITS,VIT,SRM,JEE Main,JEE Advanced,BITSAT,State CETs,₹5-12 LPA,500000,1000000,2000000,Medium,16% annually,Mechanical Engineer,Design Engineer,Production Manager,Quality Engineer,Mechanical Design,CAD,Manufacturing,Physics,Mathematics,Pune,Chennai,Bangalore,Delhi,Ahmedabad
after12th,Science (PCM),Civil,Construction,Engineering,BTech Civil Engineering,Construction and infrastructure engineering,Structural Engineering,Construction Management,Surveying,IITs,NITs,BITS,College of Engineering Pune,Delhi Technological University,JEE Main,JEE Advanced,BITSAT,State CETs,₹5-12 LPA,500000,1000000,2000000,High,17% annually,Civil Engineer,Structural Engineer,Construction Manager,Project Manager,Structural Design,Construction Planning,Surveying,Mathematics,Leadership,Mumbai,Delhi,Bangalore,Chennai,Pune
after12th,Science (PCB),Dental,Healthcare,Medicine,BDS,Dental surgery and oral healthcare,Dental Anatomy,Oral Pathology,Conservative Dentistry,Maulana Azad Institute,Manipal College,SRM Dental College,Government Dental Colleges,NEET-UG,State Dental Entrance,₹6-15 LPA,600000,1200000,2500000,High,16% annually,Dentist,Orthodontist,Oral Surgeon,Dental Consultant,Dental Science,Patient Care,Manual Dexterity,Communication,Biology,Delhi,Mumbai,Chennai,Bangalore,Hyderabad
after12th,Science (PCB),Nursing,Healthcare,Medicine,BSc Nursing,Nursing and patient care,Nursing Fundamentals,Anatomy,Physiology,CMC Vellore,AIIMS Delhi,Government Nursing Colleges,Rajkumari Amrit Kaur College,NEET-UG,Institute Entrance,₹3-7 LPA,300000,600000,1200000,Very High,18% annually,Nurse,Nursing Officer,Healthcare Educator,Clinical Instructor,Nursing Skills,Patient Care,Communication,Empathy,Medical Knowledge,Delhi,Mumbai,Chennai,Bangalore,Kolkata
after12th,Commerce,Hotel Management,Hospitality,Service,BHMCT,Hospitality and hotel management,Food Production,Front Office,Housekeeping,IHM Mumbai,IHM Delhi,IHM Bangalore,IHM Chennai,Welcomgroup,Institute Entrance,Direct Admission,₹3-8 LPA,300000,600000,1300000,Medium,14% annually,Hotel Manager,Catering Officer,Chef,Restaurant Manager,Hospitality,Communication,Service Management,Leadership,Multitasking,Mumbai,Delhi,Goa,Bangalore,Jaipur
after12th,Science (PCM),Aeronautics,Aviation,Physics,BTech Aeronautical Engineering,Aircraft design and aviation technology,Aerodynamics,Flight Mechanics,Aircraft Structures,IIT Kharagpur,IIT Madras,SRM University,Manipal Institute,IIT JEE Advanced,JEE Main,JEE Advanced,SRMJEEE,₹7-18 LPA,700000,1400000,2800000,Medium,16% annually,Aeronautical Engineer,Aircraft Designer,Flight Engineer,Aviation Consultant,Aerodynamics,Flight Mechanics,Mathematics,Physics,CAD,Bangalore,Hyderabad,Pune,Delhi,Chennai
after12th,Science (PCB),Veterinary,Animal Care,Biology,BVSc,Veterinary science and animal healthcare,Animal Anatomy,Veterinary Pathology,Animal Surgery,IVRI Bareilly,College of Veterinary Science,Punjab Veterinary College,State Veterinary Colleges,NEET-UG,State Veterinary Entrance,₹5-12 LPA,500000,1000000,2000000,Medium,15% annually,Veterinarian,Animal Surgeon,Research Scientist,Animal Health Officer,Veterinary Science,Animal Care,Surgery,Diagnosis,Communication,Rural Areas,Delhi,Bangalore,Mumbai,Chennai,Hyderabad
after12th,Commerce,Interior Design,Creativity,Design,BDes Interior Design,Interior space design and decoration,Space Planning,Material Knowledge,Color Theory,NID Ahmedabad,NIFT Delhi,Symbiosis Institute,Arch Academy,Pearl Academy,Entrance Exam,Portfolio Review,₹4-10 LPA,400000,800000,1600000,Medium,15% annually,Interior Designer,Space Planner,Design Consultant,Furniture Designer,Creativity,AutoCAD,Design Principles,Material Knowledge,Client Communication,Mumbai,Delhi,Bangalore,Ahmedabad,Chandigarh
after12th,Arts/Humanities,Fashion Design,Creativity,Art,BDes Fashion Design,Fashion and apparel design,Fashion Illustration,Pattern Making,Textile Science,NIFT Delhi,NIFT Mumbai,NIFT Bangalore,Pearl Academy,Symbiosis Institute,NIFT Entrance,Pearl Academy Entrance,₹4-11 LPA,400000,800000,1800000,Medium,16% annually,Fashion Designer,Stylist,Fashion Consultant,Merchandiser,Creativity,Sketching,Pattern Making,Trend Analysis,Communication,Mumbai,Delhi,Bangalore,Kolkata,Chennai
graduate,Computer Science,Software Development,Programming,Coding,Software Engineer,Develop software applications and systems,Software Engineering,Database Management,Testing,TCS,Infosys,Wipro,Amazon,Microsoft,Campus Placement,Company Tests,Technical Interviews,₹8-20 LPA,800000,1600000,3200000,Very High,20% annually,Software Developer,Backend Engineer,Full Stack Developer,Technical Lead,Programming,Algorithms,System Design,Database,Problem Solving,Bangalore,Hyderabad,Pune,Delhi,Chennai
graduate,Computer Science,Data Science,Statistics,AI,Data Scientist,Extract insights from data using ML/AI,Machine Learning,Statistics,Python,Amazon,Microsoft,Google,Flipkart,Fractal Analytics,Company Tests,Technical Interviews,Project Review,₹10-25 LPA,1000000,2000000,4000000,Very High,25% annually,Data Scientist,ML Engineer,AI Researcher,Data Analyst,Python,ML Algorithms,Statistics,SQL,Data Visualization,Bangalore,Hyderabad,Pune,Delhi,Mumbai
graduate,Computer Science,Cloud Computing,Infrastructure,Networking,Cloud Architect,Design and manage cloud infrastructure,AWS,Azure,DevOps,Amazon,Microsoft,Google,IBM,Accenture,Cloud Certifications,Technical Interviews,₹9-22 LPA,900000,1800000,3500000,Very High,22% annually,Cloud Engineer,DevOps Engineer,Solutions Architect,Cloud Consultant,AWS,Azure,Linux,Networking,Automation,Bangalore,Hyderabad,Pune,Delhi,Mumbai
graduate,Computer Science,Cybersecurity,Security,Networking,Cybersecurity Analyst,Protect systems from cyber threats,Network Security,Ethical Hacking,Cryptography,IBM,Accenture,Cisco,Wipro,Infosys,Security Certifications,Technical Interviews,₹7-18 LPA,700000,1400000,2800000,Very High,24% annually,Security Analyst,Ethical Hacker,Security Consultant,Incident Responder,Network Security,Penetration Testing,Cryptography,Linux,Problem Solving,Bangalore,Hyderabad,Pune,Delhi,Noida
graduate,Commerce,Finance,Banking,Investment,Financial Analyst,Financial planning and analysis,Financial Modeling,Investment Analysis,Risk Management,HDFC Bank,ICICI Bank,Goldman Sachs,JP Morgan,Kotak Mahindra,CFA,FRM,CAT,₹6-15 LPA,600000,1200000,2500000,High,18% annually,Financial Analyst,Investment Banker,Risk Analyst,Portfolio Manager,Financial Analysis,Excel,Statistics,Risk Management,Communication,Mumbai,Delhi,Bangalore,Chennai,Kolkata
graduate,Commerce,Marketing,Advertising,Sales,Digital Marketing Specialist,Online marketing and brand promotion,SEO,Social Media,Content Marketing,Google,Facebook,Amazon,Flipkart,Zomato,Digital Marketing Certifications,Google Analytics,₹4-12 LPA,400000,800000,1600000,High,20% annually,SEO Specialist,Social Media Manager,Content Strategist,Digital Marketer,SEO,Google Analytics,Social Media,Content Creation,Analytics,Mumbai,Delhi,Bangalore,Gurgaon,Pune
graduate,Commerce,Human Resources,Recruitment,Management,HR Manager,Manage human resources and recruitment,Talent Acquisition,Employee Relations,HR Analytics,TCS,Infosys,Wipro,Accenture,HCL,SHRM Certification,PMP,₹5-12 LPA,500000,1000000,2000000,Medium,16% annually,HR Manager,Recruiter,Talent Acquisition,HR Business Partner,Recruitment,Communication,Employee Relations,HR Analytics,Leadership,Mumbai,Delhi,Bangalore,Chennai,Pune
graduate,Arts/Humanities,Content Writing,Writing,Journalism,Content Writer,Create written content for various platforms,Content Strategy,SEO Writing,Blogging,Freelance,Media Houses,E-commerce Companies,Digital Agencies,Upwork,Freelance Platforms,Portfolio Review,₹3-9 LPA,300000,600000,1200000,Medium,18% annually,Content Writer,Blogger,Technical Writer,Copywriter,Writing,SEO,Research,Creativity,Grammar,Bangalore,Delhi,Mumbai,Chennai,Pune
graduate,Science,Biotechnology,Research,Science,Research Scientist,Scientific research and development,Molecular Biology,Genetic Engineering,Lab Techniques,Biocon,Dr. Reddy's,Sun Pharma,Cipla,Syngene,PhD,Research Experience,Publications,₹6-14 LPA,600000,1200000,2400000,Medium,15% annually,Research Scientist,Lab Manager,Quality Control,Scientific Officer,Lab Techniques,Research Methodology,Data Analysis,Biology,Chemistry,Bangalore,Hyderabad,Pune,Delhi,Chennai
graduate,Commerce,Accounting,Taxation,Audit,Chartered Accountant,Professional accounting and auditing,Accounting Standards,Auditing,Taxation,Big 4 Firms (Deloitte,PwC,EY,KPMG),Corporate Houses,Banks,CA,CPA,CMA,₹7-20 LPA,700000,1400000,3000000,High,15% annually,Chartered Accountant,Auditor,Tax Consultant,Financial Controller,Accounting,Auditing,Taxation,Financial Analysis,Excel,Mumbai,Delhi,Bangalore,Chennai,Kolkata
graduate,Engineering,Civil,Construction,Project Management,Project Manager (Construction),Manage construction projects,Project Planning,Budget Management,Team Management,L&T,Tata Projects,Shapoorji Pallonji,DLF,GMR,PMP,Construction Management,₹8-18 LPA,800000,1600000,3200000,High,17% annually,Project Manager,Construction Manager,Site Engineer,Planning Engineer,Project Management,Budgeting,Leadership,Communication,Technical Knowledge,Mumbai,Delhi,Bangalore,Chennai,Pune
graduate,Engineering,Mechanical,Manufacturing,Automobile,Automobile Engineer,Automobile design and manufacturing,Automobile Design,Manufacturing Processes,Quality Control,Maruti Suzuki,Tata Motors,Mahindra,Ashok Leyland,TVS Motors,Automobile Engineering,Manufacturing Certifications,₹6-14 LPA,600000,1200000,2400000,Medium,16% annually,Automobile Engineer,Design Engineer,Production Manager,Quality Engineer,Automobile Design,CAD,Manufacturing,Quality Control,Problem Solving,Chennai,Pune,Delhi,Bangalore,Ahmedabad
graduate,Science,Pharmacy,Pharmaceuticals,Research,Pharmaceutical Scientist,Drug development and research,Pharmacology,Drug Formulation,Clinical Research,Sun Pharma,Dr. Reddy's,Cipla,Lupin,Aurobindo Pharma,MPharm,PhD,Research Experience,₹6-15 LPA,600000,1200000,2500000,Medium,14% annually,Pharmaceutical Scientist,Research Associate,Clinical Research,Quality Assurance,Pharmaceuticals,Research,Clinical Trials,Data Analysis,Chemistry,Hyderabad,Mumbai,Bangalore,Delhi,Ahmedabad
graduate,Arts/Humanities,Journalism,Media,Communication,Journalist,News reporting and media,Reporting,Editing,Multimedia Journalism,Times of India,NDTV,India Today,BBC,Hindustan Times,Journalism Degree,Internships,Portfolio,₹4-10 LPA,400000,800000,1600000,Medium,15% annually,Journalist,News Reporter,Editor,Correspondent,Reporting,Writing,Communication,Research,Editing,Delhi,Mumbai,Bangalore,Chennai,Kolkata
graduate,Computer Science,Mobile Development,Android,iOS,Mobile App Developer,Develop mobile applications,Android Development,iOS Development,React Native,Google,Amazon,Flipkart,Zomato,Swiggy,Company Tests,Technical Interviews,App Portfolio,₹7-18 LPA,700000,1400000,2800000,High,22% annually,Mobile Developer,Android Developer,iOS Developer,Cross-platform Developer,Java,Kotlin,Swift,React Native,UI/UX,Bangalore,Hyderabad,Pune,Delhi,Chennai
graduate,Commerce,Business Analysis,Data,Strategy,Business Analyst,Analyze business processes and requirements,Business Process Modeling,Data Analysis,Requirements Gathering,TCS,Infosys,Wipro,Accenture,Capgemini,CAT,MBA,Business Analytics,₹6-16 LPA,600000,1200000,2500000,High,19% annually,Business Analyst,Process Analyst,Requirements Analyst,Solution Architect,Business Analysis,Data Analysis,Process Modeling,Communication,Problem Solving,Bangalore,Hyderabad,Pune,Delhi,Mumbai
graduate,Commerce,Supply Chain,Logistics,Operations,Supply Chain Manager,Manage supply chain and logistics operations,Inventory Management,Logistics Planning,Supply Chain Analytics,Amazon,Flipkart,Reliance,DHL,FedEx,Supply Chain Certifications,Operations Management,₹5-13 LPA,500000,1000000,2000000,High,17% annually,Supply Chain Manager,Logistics Manager,Inventory Controller,Purchasing Manager,Supply Chain,Logistics,Inventory Management,Analytics,Communication,Mumbai,Delhi,Bangalore,Chennai,Ahmedabad
graduate,Engineering,Electrical,Power Systems,Automation,Electrical Engineer,Design and maintain electrical systems,Power Systems,Control Systems,Electrical Machines,L&T,Siemens,ABB,Tata Power,Adani,Electrical Engineering,Industry Certifications,₹5-12 LPA,500000,1000000,2000000,Medium,15% annually,Electrical Engineer,Power Systems Engineer,Control Engineer,Maintenance Engineer,Electrical Design,Power Systems,Automation,Problem Solving,Mathematics,Mumbai,Delhi,Bangalore,Chennai,Pune
graduate,Science,Environmental Science,Sustainability,Conservation,Environmental Scientist,Environmental protection and sustainability,Environmental Impact Assessment,Waste Management,Climate Science,Tata Group,Adani,Government Agencies,NGOs,Research Institutes,Environmental Science Degree,Research Experience,₹4-10 LPA,400000,800000,1600000,Medium,16% annually,Environmental Scientist,Sustainability Consultant,Waste Manager,Climate Analyst,Environmental Science,Data Analysis,Research,Sustainability,Communication,Delhi,Bangalore,Mumbai,Chennai,Hyderabad
graduate,Arts/Humanities,Teaching,Education,Training,Teacher/Professor,Educate students in schools/colleges,Teaching Methodology,Curriculum Development,Educational Psychology,Schools,Colleges,Universities,Coaching Centers,Online Platforms,BEd,MEd,NET/SET,₹3-8 LPA,300000,600000,1200000,High,12% annually,School Teacher,College Professor,Educational Consultant,Curriculum Developer,Teaching,Communication,Subject Expertise,Patience,Leadership,Delhi,Bangalore,Mumbai,Chennai,Kolkata
graduate,Computer Science,UI/UX Design,Design,User Research,UI/UX Designer,Design user interfaces and experiences,User Research,Wireframing,Prototyping,Google,Microsoft,Amazon,Adobe,Design Startups,Design Portfolio,Design Tools Proficiency,₹6-16 LPA,600000,1200000,2500000,High,21% annually,UI Designer,UX Designer,Product Designer,Design Researcher,User Research,Wireframing,Prototyping,Visual Design,Usability Testing,Bangalore,Hyderabad,Pune,Delhi,Mumbai
graduate,Commerce,E-commerce,Online Retail,Digital Sales,E-commerce Manager,Manage online store operations,Digital Marketing,Inventory Management,Customer Service,Amazon,Flipkart,Myntra,Snapdeal,Reliance Digital,E-commerce Platforms,Digital Marketing,₹5-13 LPA,500000,1000000,2000000,Very High,23% annually,E-commerce Manager,Online Store Manager,Digital Sales,Marketplace Specialist,E-commerce,Digital Marketing,Analytics,Customer Service,Inventory Management,Bangalore,Mumbai,Delhi,Gurgaon,Pune
graduate,Engineering,Civil,Infrastructure,Urban Planning,Urban Planner,Plan and develop urban areas,Urban Planning,GIS,Sustainable Development,Government Agencies,Consulting Firms,Real Estate Companies,Smart City Projects,Master Planning,Urban Planning,₹5-12 LPA,500000,1000000,2000000,Medium,16% annually,Urban Planner,Town Planner,Development Consultant,GIS Specialist,Urban Planning,Sustainable Development,GIS,Analytical Skills,Communication,Delhi,Mumbai,Bangalore,Chennai,Hyderabad
graduate,Science,Agriculture,Farming,Research,Agricultural Scientist,Agricultural research and development,Crop Science,Soil Science,Agricultural Economics,Government Research Institutes,ICAR,Agricultural Universities,Agri-tech Startups,PhD,Research Experience,Field Work,₹4-10 LPA,400000,800000,1600000,Medium,14% annually,Agricultural Scientist,Research Officer,Farm Manager,Agri Consultant,Agricultural Science,Research,Data Analysis,Field Work,Communication,Rural Areas,Delhi,Bangalore,Hyderabad,Pune,Chennai
graduate,Arts/Humanities,Public Relations,Communication,Branding,PR Executive,Manage public relations and communications,Media Relations,Crisis Communication,Brand Management,PR Agencies,Corporate Houses,Media Companies,Event Management,Communication Skills,Media Relations,₹4-10 LPA,400000,800000,1600000,Medium,16% annually,PR Executive,Communication Manager,Brand Manager,Media Relations,Communication,Writing,Media Relations,Crisis Management,Branding,Mumbai,Delhi,Bangalore,Gurgaon,Chennai
graduate,Computer Science,Blockchain,Cryptocurrency,Smart Contracts,Blockchain Developer,Develop blockchain applications and smart contracts,Solidity,Smart Contracts,Web3.js,Startups,Crypto Companies,Banks,IT Companies,Blockchain Certifications,Technical Skills,₹8-22 LPA,800000,1600000,3500000,High,30% annually,Blockchain Developer,Smart Contract Developer,Web3 Developer,Crypto Analyst,Solidity,Blockchain,Smart Contracts,Web3,Problem Solving,Bangalore,Hyderabad,Pune,Delhi,Gurgaon
graduate,Commerce,Insurance,Risk Management,Sales,Insurance Manager,Sell and manage insurance policies,Insurance Products,Risk Assessment,Sales Techniques,LIC,HDFC Life,ICICI Prudential,Bajaj Allianz,Max Life,Insurance Certifications,Sales Skills,₹4-11 LPA,400000,800000,1800000,Medium,15% annually,Insurance Manager,Sales Manager,Risk Analyst,Underwriter,Insurance,Risk Management,Sales,Communication,Analytical Skills,Mumbai,Delhi,Bangalore,Chennai,Kolkata
graduate,Engineering,Chemical,Process Design,Manufacturing,Chemical Engineer,Design chemical processes and plants,Chemical Processes,Process Design,Safety Management,Reliance,GAIL,ONGC,IOCL,Tata Chemicals,Chemical Engineering,Process Safety,₹6-15 LPA,600000,1200000,2500000,Medium,15% annually,Chemical Engineer,Process Engineer,Production Manager,Safety Officer,Chemical Processes,Process Design,Safety Management,Analytical Skills,Mathematics,Mumbai,Delhi,Vadodara,Chennai,Bangalore
graduate,Science,Microbiology,Research,Laboratory,Microbiologist,Study microorganisms and their effects,Microbial Techniques,Lab Procedures,Research Methodology,Pharma Companies,Hospitals,Research Institutes,Food Industry,Lab Skills,Research Experience,₹4-10 LPA,400000,800000,1600000,Medium,14% annually,Microbiologist,Lab Technician,Research Associate,Quality Control,Microbiology,Lab Techniques,Research,Data Analysis,Attention to Detail,Bangalore,Hyderabad,Mumbai,Delhi,Chennai
graduate,Arts/Humanities,Event Management,Planning,Coordination,Event Manager,Plan and execute events,Event Planning,Vendor Management,Budgeting,Event Companies,Hotels,Corporate Houses,Wedding Planners,Event Planning,Vendor Management,₹4-10 LPA,400000,800000,1700000,Medium,16% annually,Event Manager,Wedding Planner,Corporate Event Planner,Venue Manager,Event Planning,Budgeting,Vendor Management,Communication,Creativity,Mumbai,Delhi,Bangalore,Goa,Chennai
graduate,Computer Science,QA Testing,Quality Assurance,Testing,QA Engineer,Test software for quality assurance,Test Automation,Manual Testing,Bug Tracking,IT Companies,Product Companies,Startups,Test Automation,QA Certifications,₹5-13 LPA,500000,1000000,2000000,High,18% annually,QA Engineer,Test Automation Engineer,Manual Tester,Test Lead,Test Automation,Manual Testing,Bug Tracking,Programming,Analytical Skills,Bangalore,Hyderabad,Pune,Delhi,Chennai
graduate,Commerce,Real Estate,Property,Sales,Real Estate Consultant,Sell and manage properties,Property Valuation,Sales Negotiation,Market Analysis,Property Companies,Brokerage Firms,Banks,Real Estate Portals,Sales Skills,Real Estate Knowledge,₹4-12 LPA,400000,800000,2000000,Medium,17% annually,Real Estate Consultant,Property Manager,Sales Executive,Valuation Expert,Real Estate,Sales,Negotiation,Market Analysis,Communication,Mumbai,Delhi,Bangalore,Chennai,Hyderabad
graduate,Engineering,Textile,Manufacturing,Fashion,Textile Engineer,Design and manufacture textiles,Textile Manufacturing,Fabric Technology,Quality Control,Garment Companies,Textile Mills,Export Houses,Textile Engineering,Manufacturing Processes,₹4-10 LPA,400000,800000,1600000,Medium,14% annually,Textile Engineer,Production Manager,Quality Controller,Technical Manager,Textile Manufacturing,Fabric Technology,Quality Control,Problem Solving,Mathematics,Mumbai,Delhi,Surat,Tirupur,Bangalore
graduate,Science,Food Technology,Nutrition,Processing,Food Technologist,Food processing and safety,Food Processing,Food Safety,Nutrition,Food Companies,FMCG,Research Institutes,Quality Assurance,Food Technology,Food Safety,₹4-10 LPA,400000,800000,1600000,Medium,15% annually,Food Technologist,Quality Assurance,Production Manager,Research Scientist,Food Technology,Food Safety,Nutrition,Lab Skills,Analytical Skills,Mumbai,Delhi,Bangalore,Pune,Ahmedabad
graduate,Arts/Humanities,Social Work,NGO,Community,Social Worker,Work for social welfare and community development,Community Development,Social Research,Counseling,NGOs,Government Agencies,International Organizations,Hospitals,Social Work Degree,Communication Skills,₹3-8 LPA,300000,600000,1200000,Medium,13% annually,Social Worker,Community Worker,NGO Coordinator,Counselor,Social Work,Communication,Empathy,Community Development,Research,Delhi,Bangalore,Mumbai,Chennai,Kolkata
graduate,Computer Science,DevOps,Automation,Infrastructure,DevOps Engineer,Bridge development and operations,CI/CD,Containerization,Infrastructure as Code,IT Companies,Product Companies,Startups,Cloud Companies,DevOps Tools,Cloud Platforms,₹7-18 LPA,700000,1400000,2800000,Very High,23% annually,DevOps Engineer,Site Reliability Engineer,Platform Engineer,Automation Engineer,Linux,Docker,Kubernetes,CI/CD,Cloud Platforms,Bangalore,Hyderabad,Pune,Delhi,Noida
graduate,Commerce,Export Import,Trading,Logistics,Export Import Manager,Manage international trade operations,International Trade,Customs Procedures,Documentation,Export Houses,Trading Companies,Logistics Firms,International Business,Export Import,₹5-12 LPA,500000,1000000,2000000,Medium,16% annually,Export Manager,Import Manager,International Trade,Customs Specialist,International Trade,Customs Procedures,Documentation,Communication,Analytical Skills,Mumbai,Delhi,Chennai,Bangalore,Ahmedabad
graduate,Engineering,Marine,Shipping,Navigation,Marine Engineer,Design and maintain marine vessels,Marine Engineering,Naval Architecture,Ship Design,Shipping Companies,Navy,Coast Guard,Shipyards,Marine Engineering,Technical Skills,₹6-15 LPA,600000,1200000,2500000,Medium,15% annually,Marine Engineer,Naval Architect,Ship Designer,Port Engineer,Marine Engineering,Ship Design,Technical Skills,Problem Solving,Mathematics,Mumbai,Chennai,Kochi,Visakhapatnam,Kolkata
graduate,Science,Geology,Earth Sciences,Exploration,Geologist,Study earth materials and processes,Mineralogy,Petrology,Field Geology,Mining Companies,Oil Companies,Research Institutes,Government Surveys,Geology Degree,Field Work,₹5-12 LPA,500000,1000000,2000000,Medium,14% annually,Geologist,Exploration Geologist,Geophysicist,Environmental Geologist,Geology,Field Work,Data Analysis,Research,Technical Skills,Hyderabad,Mumbai,Delhi,Chennai,Bangalore
graduate,Arts/Humanities,Advertising,Branding,Creativity,Advertising Executive,Create advertising campaigns,Copywriting,Creative Strategy,Media Planning,Advertising Agencies,Media Houses,Corporate Houses,Creative Strategy,Communication Skills,₹4-10 LPA,400000,800000,1600000,Medium,16% annually,Advertising Executive,Creative Director,Account Manager,Media Planner,Advertising,Creativity,Communication,Strategy,Market Research,Mumbai,Delhi,Bangalore,Gurgaon,Chennai
graduate,Computer Science,AR/VR Development,Virtual Reality,Game Development,AR/VR Developer,Develop augmented/virtual reality applications,Unity,Unreal Engine,3D Modeling,Gaming Companies,Tech Companies,Startups,Education Tech,Game Development,3D Modeling,₹7-19 LPA,700000,1400000,3000000,High,26% annually,AR Developer,VR Developer,Game Developer,3D Artist,Unity,Unreal Engine,3D Modeling,Programming,Creativity,Bangalore,Hyderabad,Pune,Delhi,Chennai
graduate,Commerce,Wealth Management,Investment,Finance,Wealth Manager,Manage high-net-worth client investments,Investment Products,Portfolio Management,Risk Assessment,Banks,Wealth Management Firms,Financial Advisory,Investment Certifications,Finance Knowledge,₹6-16 LPA,600000,1200000,2500000,High,18% annually,Wealth Manager,Portfolio Manager,Financial Advisor,Investment Consultant,Investment Products,Portfolio Management,Risk Assessment,Communication,Analytical Skills,Mumbai,Delhi,Bangalore,Chennai,Kolkata
graduate,Engineering,Mining,Extraction,